Block,Year,F_BA,I_BA,Q_BA,FS,IS,QS,FM,IM,QM,SDM,BAM,BAFM,BAQM,SDS,Northing,Easting
1,1964,0,0,15.38202303,3,0,0,3,0,5,11,25.00118704,0,15.38202303,3,106909,433056
1,1984,0,0,17.61746255,0,0,0,0,0,5,8,29.19275886,0,17.61746255,0,106909,433056
1,1988,0,0,8.17226424,0,0,0,0,0,4,6,17.1261371,0,8.17226424,0,106909,433056
1,1996,0,0,6.909363628,0,0,0,0,0,3,5,15.56784824,0,6.909363628,0,106909,433056
1,2014,0,0,7.890305212,0,0,0,0,0,3,5,17.54946851,0,7.890305212,0,106909,433056
2,1964,14.64178526,0.502654825,12.88249338,0,0,0,3,1,1,12,35.30364744,14.64178526,12.88249338,5,106885,433058
2,1984,21.42328607,0.316692174,13.98668465,0,1,0,4,2,1,9,43.53807595,21.42328607,13.98668465,1,106885,433058
2,1988,22.11410266,0.259672268,14.08629278,0,1,0,4,2,1,9,44.67951473,22.11410266,14.08629278,1,106885,433058
2,1996,23.24083486,0.352565236,13.98668465,0,2,0,4,3,1,8,37.58008475,23.24083486,13.98668465,2,106885,433058
2,2014,30.09281743,1.204006631,14.71864946,0,1,0,4,3,1,8,46.01547353,30.09281743,14.71864946,1,106885,433058
3,1964,10.46346703,1.3685563,37.03937739,22,20,0,23,22,5,67,48.87140072,10.46346703,37.03937739,59,106868,433049
3,1984,13.98668465,0.541060795,38.46760431,0,2,0,1,3,5,9,52.99534976,13.98668465,38.46760431,2,106868,433049
3,1988,14.18625433,0,38.19137978,0,2,0,1,2,5,8,52.3776341,14.18625433,38.19137978,2,106868,433049
3,1996,13.98668465,0.204282062,29.39466509,0,3,0,1,4,4,9,43.58563181,13.98668465,29.39466509,3,106868,433049
3,2014,15.04511616,0.933891539,17.32580801,0,2,0,1,5,2,9,33.30481571,15.04511616,17.32580801,3,106868,433049
4,1964,37.46741938,1.941896959,33.77801151,3,5,0,7,8,5,30,73.18732786,37.46741938,33.77801151,18,106848,433053
4,1984,42.4273855,0.560793924,25.96512584,0,2,0,4,3,3,10,68.95330526,42.4273855,25.96512584,2,106848,433053
4,1988,42.04676192,0,23.11623144,0,2,0,4,2,2,8,65.16299336,42.04676192,23.11623144,2,106848,433053
4,1996,32.93154864,0,24.63326727,0,1,0,3,1,2,6,57.56481591,32.93154864,24.63326727,1,106848,433053
4,2014,4.718148288,0,29.76913633,0,0,0,1,0,2,3,34.48728462,4.718148288,29.76913633,0,106848,433053
5,1964,14.17250986,0,12.88249338,0,5,0,2,5,1,13,27.05500323,14.17250986,12.88249338,10,106828,433045
5,1984,16.80801157,0,14.18625433,0,0,0,2,0,1,3,30.9942659,16.80801157,14.18625433,0,106828,433045
5,1988,16.72572148,0,14.08629278,0,0,0,2,0,1,3,30.81201425,16.72572148,14.08629278,0,106828,433045
5,1996,7.330140694,0,0,0,0,0,1,0,0,1,7.330140694,7.330140694,0,0,106828,433045
5,2014,8.607099323,0,0,0,0,0,1,0,0,1,8.607099323,8.607099323,0,0,106828,433045
6,1964,37.16504109,0,0,2,21,0,7,21,0,30,37.16504109,37.16504109,0,25,106804,433046
6,1984,41.80008799,0,0,0,0,0,5,0,0,5,41.80008799,41.80008799,0,0,106804,433046
6,1988,41.9374934,0,0,0,0,0,5,0,0,5,41.9374934,41.9374934,0,0,106804,433046
6,1996,43.68633949,0,0,0,0,0,5,0,0,5,43.68633949,43.68633949,0,0,106804,433046
6,2014,47.67252562,0,0,0,1,0,5,1,0,6,47.67252562,47.67252562,0,1,106804,433046
7,1964,38.19194919,0,7.793113276,0,5,0,3,5,1,9,45.98506247,38.19194919,7.793113276,5,106786,433045
7,1984,7.1157859,0,0,0,0,0,1,0,0,1,7.1157859,7.1157859,0,0,106786,433045
7,1988,6.673704909,0,0,0,0,0,1,0,0,1,6.673704909,6.673704909,0,0,106786,433045
8,1964,36.58384645,1.498146997,23.50893053,0,3,0,2,7,3,12,61.59092397,36.58384645,23.50893053,3,106773,433044
8,1984,0,0.678210949,28.4615139,0,0,0,0,2,3,5,29.13972485,0,28.4615139,0,106773,433044
8,1988,0,0.851234164,30.35693492,0,0,0,0,2,3,5,31.20816909,0,30.35693492,0,106773,433044
8,1996,0,1.149842546,34.4473671,0,0,0,0,2,3,5,35.59720964,0,34.4473671,0,106773,433044
8,2014,0,1.835305468,16.9241885,0,0,0,0,2,2,4,18.75949396,0,16.9241885,0,106773,433044
9,1964,26.78993135,0.865901475,8.737554568,2,5,0,13,6,2,21,36.3933874,26.78993135,8.737554568,7,106752,433047
9,1984,30.91446944,0.241922269,4.19096314,2,0,0,11,1,1,13,35.34735485,30.91446944,4.19096314,2,106752,433047
9,1988,31.26281316,0.237582944,4.714352476,2,0,0,11,1,1,13,36.21474858,31.26281316,4.714352476,2,106752,433047
9,1996,22.70729426,0.316692174,5.147185404,1,0,0,10,1,1,12,28.17117183,22.70729426,5.147185404,1,106752,433047
9,2014,28.63704842,0.477663502,6.808847653,0,0,0,10,1,1,12,35.92355957,28.63704842,6.808847653,0,106752,433047
10,1964,32.16401829,0.331830724,0,0,4,0,3,5,0,8,32.49584901,32.16401829,0,4,106730,433046
10,1984,18.24668429,0,0,0,1,0,1,1,0,2,18.24668429,18.24668429,0,1,106730,433046
10,1988,18.78051942,0,0,0,0,0,1,0,0,1,18.78051942,18.78051942,0,0,106730,433046
10,1996,19.36102684,0,0,0,0,0,1,0,0,1,19.36102684,19.36102684,0,0,106730,433046
10,2014,20.88431037,0,0,0,0,0,1,0,0,1,20.88431037,20.88431037,0,0,106730,433046
11,1964,16.76825079,1.183987731,27.64012487,2,11,0,13,15,3,31,45.59236339,16.76825079,27.64012487,13,106707,433044
11,1984,13.33205528,0.41258929,13.65721012,1,3,0,10,5,1,16,27.4018547,13.33205528,13.65721012,4,106707,433044
11,1988,14.04364565,0,13.55913353,1,6,0,10,6,1,17,27.60277918,14.04364565,13.55913353,7,106707,433044
11,1996,6.699721223,0.241922269,14.62350512,1,3,0,7,4,1,12,21.56514861,6.699721223,14.62350512,4,106707,433044
11,2014,10.32905787,0.439466313,16.5011855,0,2,0,7,3,1,11,27.26970968,10.32905787,16.5011855,2,106707,433044
12,1964,29.42886918,0.96211275,5.939573611,3,14,0,12,17,1,30,36.33055554,29.42886918,5.939573611,17,106687,433042
12,1984,31.59307309,0.88950269,6.95126462,1,7,0,9,10,1,20,39.4338404,31.59307309,6.95126462,8,106687,433042
12,1988,30.70971614,0.250718729,6.424242817,1,8,0,8,9,1,18,37.38467769,30.70971614,6.424242817,9,106687,433042
12,1996,34.10785911,0,7.330140694,0,4,0,8,4,1,13,41.4379998,34.10785911,7.330140694,4,106687,433042
12,2014,42.19724753,0.66094085,7.60367647,0,1,0,8,3,1,12,50.46186485,42.19724753,7.60367647,1,106687,433042
13,1964,30.56867827,0.237582944,11.34114948,2,3,0,19,4,1,24,42.14741069,30.56867827,11.34114948,5,106666,433035
13,1984,28.03258833,0.516497467,11.64156428,1,0,0,9,2,1,12,40.19065007,28.03258833,11.64156428,1,106666,433035
13,1988,27.25763596,0,11.2517908,0,0,0,7,0,1,8,38.50942676,27.25763596,11.2517908,0,106666,433035
13,1996,22.05776997,0,11.85419119,0,0,0,6,0,1,7,33.91196117,22.05776997,11.85419119,0,106666,433035
13,2014,30.12146559,0,12.18654471,0,0,0,6,0,1,7,42.3080103,30.12146559,12.18654471,0,106666,433035
14,1964,20.40317166,0.237582944,16.8487541,9,1,0,23,2,2,27,37.48950871,20.40317166,16.8487541,10,106647,433038
14,1984,24.4628555,0.610450723,19.2523081,2,0,0,14,2,2,18,44.32561432,24.4628555,19.2523081,2,106647,433038
14,1988,22.98342061,0.282743339,19.75441315,2,0,0,12,1,2,15,43.0205771,22.98342061,19.75441315,2,106647,433038
14,1996,19.71027377,0.441786467,19.97024056,1,0,0,9,1,2,12,40.1223008,19.71027377,19.97024056,1,106647,433038
14,2014,26.55420653,0.704310491,20.87993263,1,2,0,10,3,2,15,48.13844965,26.55420653,20.87993263,3,106647,433038
15,1964,22.0132379,0,37.11202672,1,7,0,10,9,2,21,59.12526461,22.0132379,37.11202672,8,106624,433036
15,1984,20.33073832,0.733679694,37.54998437,1,7,0,5,10,2,17,58.61440238,20.33073832,37.54998437,8,106624,433036
15,1988,1.844468317,0.66077511,38.2203806,0,5,0,2,7,2,11,40.72562403,1.844468317,38.2203806,5,106624,433036
15,1996,1.474113813,0.613867205,39.14591343,0,3,0,1,5,2,8,41.23389445,1.474113813,39.14591343,3,106624,433036
15,2014,1.683859352,1.063353436,40.95263007,0,0,0,1,2,2,5,43.69984285,1.683859352,40.95263007,0,106624,433036
16,1964,39.99541972,1.080413349,0,2,8,0,11,11,0,22,41.07583307,39.99541972,0,10,106602,433034
16,1984,14.41437322,0.854984441,0,0,3,0,6,6,0,12,15.26935766,14.41437322,0,3,106602,433034
16,1988,15.78567842,1.007822923,0,0,0,0,6,2,0,8,16.79350134,15.78567842,0,0,106602,433034
16,1996,18.12190416,0.496391274,0,0,0,0,5,1,0,6,18.61829543,18.12190416,0,0,106602,433034
16,2014,23.49733798,0,0,0,0,0,5,0,0,5,23.49733798,23.49733798,0,0,106602,433034
17,1964,52.96528864,0.471729772,0,1,10,0,7,11,0,18,53.43701842,52.96528864,0,11,106585,433028
17,1984,48.45072183,0.733031741,0,1,5,0,6,7,0,13,49.18375357,48.45072183,0,6,106585,433028
17,1988,46.08351213,0.453645979,0,1,6,0,5,7,0,12,46.53715811,46.08351213,0,7,106585,433028
17,1996,27.07781905,0,0,0,0,0,4,0,0,4,27.07781905,27.07781905,0,0,106585,433028
17,2014,28.40343537,0,0,0,8,0,4,8,0,12,28.40343537,28.40343537,0,8,106585,433028
18,1964,25.7959118,0.237582944,9.759063054,3,6,0,16,7,1,25,41.10184939,25.7959118,9.759063054,9,106571,433031
18,1984,26.70862301,0.241922269,10.34911306,2,4,0,9,5,1,15,37.29965834,26.70862301,10.34911306,6,106571,433031
18,1988,26.80764208,0.259672268,10.34911306,1,3,0,9,4,1,14,37.41642741,26.80764208,10.34911306,4,106571,433031
18,1996,31.48663201,0,10.81029886,1,2,0,9,2,1,12,42.29693087,31.48663201,10.81029886,3,106571,433031
18,2014,32.94950195,0.3509369,11.94159368,0,0,0,8,1,1,10,45.24203253,32.94950195,11.94159368,0,106571,433031
19,1964,25.29914746,1.506000978,2.611939767,3,6,0,13,12,2,28,32.88069411,25.29914746,2.611939767,9,106550,433024
19,1984,27.29680769,1.671209482,3.259598728,2,3,0,10,8,2,21,35.64191843,27.29680769,3.259598728,5,106550,433024
19,1988,27.00016281,1.647117393,3.495198542,2,2,0,10,8,2,21,35.57317646,27.00016281,3.495198542,4,106550,433024
19,1996,28.18579987,2.513902441,4.307221703,1,0,0,9,7,2,18,35.00692402,28.18579987,4.307221703,1,106550,433024
19,2014,33.12601514,3.253921738,5.478909909,0,0,0,8,6,2,16,41.85884679,33.12601514,5.478909909,0,106550,433024
20,1964,13.58100687,1.822614613,15.55284713,0,6,0,7,11,1,19,30.95646861,13.58100687,15.55284713,6,106531,433028
20,1984,18.68042043,0.204282062,14.93010493,0,8,0,7,9,1,17,33.81480742,18.68042043,14.93010493,8,106531,433028
20,1988,20.0357624,0.229022104,15.30915772,0,5,0,7,6,1,14,35.57394222,20.0357624,15.30915772,5,106531,433028
20,1996,23.71786607,0,15.83370551,0,1,0,7,1,1,9,39.55157159,23.71786607,15.83370551,1,106531,433028
20,2014,29.33553605,0.250718729,16.21594811,0,0,0,7,1,1,9,45.80220288,29.33553605,16.21594811,0,106531,433028
21,1964,14.51464893,1.824578108,56.55652175,5,4,0,23,9,3,35,72.89574879,14.51464893,56.55652175,9,106506,433029
21,1984,21.00013317,2.248634212,52.24362554,2,5,0,18,11,3,32,75.49239293,21.00013317,52.24362554,7,106506,433029
21,1988,21.97002136,2.11268179,51.11632392,1,5,0,17,10,3,30,75.19902708,21.97002136,51.11632392,6,106506,433029
21,1996,25.98947318,2.361810087,48.03599233,1,3,0,17,8,2,27,76.38727559,25.98947318,48.03599233,4,106506,433029
21,2014,32.3828597,1.392555659,49.69840284,0,2,0,15,6,2,23,83.4738182,32.3828597,49.69840284,2,106506,433029
22,1964,20.46943963,2.915790682,16.98227179,2,10,0,15,15,1,31,40.3675021,20.46943963,16.98227179,12,106486,433024
22,1984,26.52101102,2.874184214,0,1,4,0,10,8,0,18,29.39519524,26.52101102,0,5,106486,433024
22,1988,27.41436216,3.37811531,0,1,1,0,9,6,0,15,30.79247747,27.41436216,0,2,106486,433024
22,1996,21.20586822,1.874765051,0,1,1,0,6,2,0,8,23.08063327,21.20586822,0,2,106486,433024
22,2014,26.00641603,1.757866429,0,1,0,0,6,1,0,7,27.76428246,26.00641603,0,1,106486,433024
23,1964,21.75651087,0.667588439,12.56637061,3,2,0,14,4,1,19,34.99046993,21.75651087,12.56637061,5,106473,433024
23,1984,34.42091881,0.441786467,13.55913353,1,2,0,12,3,1,16,48.42183881,34.42091881,13.55913353,3,106473,433024
23,1988,35.21373899,0.453645979,13.98668465,1,2,0,11,3,1,15,49.65406962,35.21373899,13.98668465,3,106473,433024
23,1996,36.31009592,0.259672268,14.28656931,1,0,0,10,1,1,12,50.8563375,36.31009592,14.28656931,1,106473,433024
23,2014,33.88637696,0,15.93320108,0,0,0,7,0,1,8,49.81957804,33.88637696,15.93320108,0,106473,433024
24,1964,9.59167507,1.959568418,39.91589816,2,2,0,14,6,2,22,51.46714165,9.59167507,39.91589816,4,106451,433021
24,1984,11.40321557,2.309365125,40.42809557,0,1,0,11,5,2,18,54.14067627,11.40321557,40.42809557,1,106451,433021
24,1988,12.42598069,0.418538681,40.8003743,0,1,0,11,2,2,15,53.64489367,12.42598069,40.8003743,1,106451,433021
24,1996,14.2012947,0,41.03982257,0,1,0,10,1,2,13,55.24111727,14.2012947,41.03982257,1,106451,433021
24,2014,17.48436455,0,0,0,3,0,9,3,0,12,17.48436455,17.48436455,0,3,106451,433021
27,1964,11.71863147,0.331830724,6.834927517,5,11,0,15,13,1,32,20.07526793,11.71863147,6.834927517,16,106384,433009
27,1984,13.3294831,0.96238764,7.793113276,2,3,0,11,6,1,21,23.62191005,13.3294831,7.793113276,5,106384,433009
27,1988,12.17704874,0.993783931,7.54767635,0,2,0,10,5,1,18,21.66933168,12.17704874,7.54767635,2,106384,433009
27,1996,14.14070123,1.182966714,7.867510117,0,2,0,10,5,1,18,24.23183063,14.14070123,7.867510117,2,106384,433009
27,2014,17.93288375,2.129741407,8.607100278,0,1,0,9,4,1,16,30.05516873,17.93288375,8.607100278,1,106384,433009
28,1964,11.39759997,1.237002107,49.33282214,4,24,0,17,29,4,50,61.96742422,11.39759997,49.33282214,28,106367,433016
28,1984,14.72482148,2.300941729,52.47362939,1,13,0,12,20,4,36,69.49939261,14.72482148,52.47362939,14,106367,433016
28,1988,11.88639252,2.402847141,47.9525045,1,8,0,11,14,3,28,62.24174416,11.88639252,47.9525045,9,106367,433016
28,1996,8.256458923,1.967834733,50.84630403,0,8,0,6,12,3,21,61.07059769,8.256458923,50.84630403,8,106367,433016
28,2014,9.696514909,1.177348691,53.56822153,0,6,0,4,9,3,16,64.44208513,9.696514909,53.56822153,6,106367,433016
29,1964,9.173450548,0.520326283,15.90431281,6,10,0,18,12,1,31,25.59808964,9.173450548,15.90431281,16,106349,433018
29,1984,12.5532152,0.477836243,18.13329243,2,3,0,14,4,1,19,31.16434387,12.5532152,18.13329243,5,106349,433018
29,1988,6.294711025,0.483981983,19.59570381,1,3,0,8,4,1,13,26.37439682,6.294711025,19.59570381,4,106349,433018
29,1996,5.772440882,0,20.22842057,0,1,0,6,1,1,8,26.00086145,5.772440882,20.22842057,1,106349,433018
29,2014,9.00230094,0.458366236,18.50673573,0,0,0,6,1,1,8,27.9674029,9.00230094,18.50673573,0,106349,433018
30,1964,37.77961515,0.454058313,11.34114948,7,15,0,15,18,1,34,49.57482295,37.77961515,11.34114948,22,106333,433009
30,1984,11.32021862,0.941338969,12.44102107,2,7,0,7,10,1,18,24.70257865,11.32021862,12.44102107,9,106333,433009
30,1988,5.765843537,0,12.40978186,2,3,0,6,3,1,10,18.17562539,5.765843537,12.40978186,5,106333,433009
30,1996,6.146447487,0,0,0,2,0,5,2,0,7,6.146447487,6.146447487,0,2,106333,433009
30,2014,9.16150562,0,0,0,0,0,5,0,0,5,9.16150562,9.16150562,0,0,106333,433009
31,1964,43.08301625,0.644517368,9.34820164,10,9,0,14,11,1,26,53.07573526,43.08301625,9.34820164,19,106309,433012
31,1984,45.27410041,1.528561541,12.44102107,5,8,0,10,12,1,23,59.24368302,45.27410041,12.44102107,13,106309,433012
31,1988,27.16815947,1.629583379,12.03797436,4,9,0,9,13,1,23,40.83571722,27.16815947,12.03797436,13,106309,433012
31,1996,1.807711683,2.239503958,0,1,7,0,5,11,0,18,4.047215641,1.807711683,0,10,106309,433012
31,2014,5.366754417,0.601804629,9.893270207,0,6,0,5,7,1,19,16.10553526,5.366754417,9.893270207,11,106309,433012
32,1964,36.41253148,0,0,2,14,0,13,14,0,27,36.41253148,36.41253148,0,16,106291,433008
32,1984,41.38304156,0,0,1,0,0,10,0,0,10,41.38304156,41.38304156,0,1,106291,433008
32,1988,24.82861542,0,0,0,0,0,9,0,0,9,24.82861542,24.82861542,0,0,106291,433008
32,1996,18.97066432,0,0,0,0,0,7,0,0,7,18.97066432,18.97066432,0,0,106291,433008
32,2014,26.15681648,0,0,0,0,0,7,0,0,7,26.15681648,26.15681648,0,0,106291,433008
33,1964,47.30011352,2.338523032,14.18625433,4,7,0,12,13,1,26,63.82489087,47.30011352,14.18625433,11,106269,433004
33,1984,56.58569929,2.434852116,16.94577041,0,3,0,12,7,1,20,75.96632181,56.58569929,16.94577041,3,106269,433004
33,1988,43.87591497,1.540951197,0,0,1,0,11,3,0,14,45.41686617,43.87591497,0,1,106269,433004
33,1996,43.20328035,1.50957454,0,0,1,0,7,3,0,10,44.71285489,43.20328035,0,1,106269,433004
33,2014,47.99342176,0,0,0,6,0,5,6,0,11,47.99342176,47.99342176,0,6,106269,433004
34,1964,33.49330468,7.073001335,0,3,11,0,8,32,0,40,40.56630601,33.49330468,0,14,106252,433005
34,1984,1.606060704,4.424579823,0,2,8,0,3,19,0,22,6.030640528,1.606060704,0,10,106252,433005
34,1988,0.204282062,2.117688703,0,1,4,0,2,9,0,11,2.321970765,0.204282062,0,5,106252,433005
34,1996,2.333123419,3.245795355,0,0,3,0,2,9,0,11,5.578918774,2.333123419,0,3,106252,433005
34,2014,4.762164577,3.84622788,0,0,0,0,2,5,0,7,8.608392457,4.762164577,0,0,106252,433005
35,1964,65.97148223,2.551071409,0,9,13,0,13,25,0,38,68.52255364,65.97148223,0,22,106234,433001
35,1984,69.45160113,3.519997489,0,3,5,0,8,14,0,22,72.97159862,69.45160113,0,8,106234,433001
35,1988,38.99821931,1.89212235,0,0,2,0,6,6,0,12,40.89034166,38.99821931,0,2,106234,433001
35,1996,41.49397905,1.253593644,0,0,0,0,6,3,0,9,42.7475727,41.49397905,0,0,106234,433001
35,2014,47.07176544,0,0,0,0,0,5,0,0,5,47.07176544,47.07176544,0,0,106234,433001
36,1964,37.09828225,2.002765317,0.441786467,3,12,0,6,20,1,27,39.54283403,37.09828225,0.441786467,15,106215,432996
36,1984,37.90510215,1.8604119,0,2,7,0,6,13,0,19,39.76551405,37.90510215,0,9,106215,432996
36,1988,14.28965199,0.724549441,0,1,5,0,4,7,0,11,15.01420144,14.28965199,0,6,106215,432996
36,1996,15.84079373,0.368528453,0,0,3,0,2,4,0,6,16.20932219,15.84079373,0,3,106215,432996
36,2014,20.53496653,0.39395822,0,0,1,0,2,2,0,4,20.92892475,20.53496653,0,1,106215,432996
37,1964,14.61822332,2.142173491,11.35489395,1,9,0,6,19,5,30,28.11529075,14.61822332,11.35489395,10,106188,433001
37,1984,15.00383418,2.344256438,11.68207119,1,6,0,6,15,4,25,29.0301618,15.00383418,11.68207119,7,106188,433001
37,1988,15.60065824,2.099820895,11.91674816,1,6,0,6,14,4,24,29.6172273,15.60065824,11.91674816,7,106188,433001
37,1996,17.23550379,2.070309559,13.52970073,1,4,0,6,10,4,20,32.83551408,17.23550379,13.52970073,5,106188,433001
37,2014,21.4985005,1.394197301,11.03122805,0,2,0,6,5,2,13,33.92392586,21.4985005,11.03122805,2,106188,433001
38,1964,25.77873122,1.447096116,27.37308949,2,3,0,11,6,5,22,54.59891682,25.77873122,27.37308949,5,106178,433001
38,1984,26.01338855,0.779743297,27.46594319,2,1,0,9,3,5,17,54.25907504,26.01338855,27.46594319,3,106178,433001
38,1988,26.45584261,0.785889037,28.02284939,2,1,0,9,3,5,17,55.26458104,26.45584261,28.02284939,3,106178,433001
38,1996,29.00243725,1.018897037,30.03878976,2,1,0,9,3,5,17,60.06012405,29.00243725,30.03878976,3,106178,433001
38,2014,19.05029959,0.601804629,34.02772472,0,0,0,8,1,5,14,53.67982894,19.05029959,34.02772472,0,106178,433001
39,1964,28.26255291,2.146100481,11.49822911,1,0,0,6,3,7,16,41.9068825,28.26255291,11.49822911,1,106150,432994
39,1984,24.19299269,2.041838875,9.841353147,0,1,0,3,4,5,12,36.07618471,24.19299269,9.841353147,1,106150,432994
39,1988,24.71610714,2.143528302,7.216886279,0,1,0,3,4,3,10,34.07652172,24.71610714,7.216886279,1,106150,432994
39,1996,26.01376162,2.248005893,7.855336446,0,2,0,3,5,3,11,36.11710396,26.01376162,7.855336446,2,106150,432994
39,2014,17.79053848,2.576917472,7.100100956,0,3,0,2,5,2,9,27.46755691,17.79053848,7.100100956,3,106150,432994
40,1964,22.27389191,0,13.0435,1,0,0,7,0,5,12,35.31739191,22.27389191,13.0435,1,106125,432991
40,1984,24.05154248,0,14.06834643,0,2,0,6,2,4,12,38.11988891,24.05154248,14.06834643,2,106125,432991
40,1988,19.63020243,0,14.00751734,0,4,0,4,4,4,12,33.63771977,19.63020243,14.00751734,4,106125,432991
40,1996,20.66117496,0,15.38596966,0,4,0,4,4,4,12,36.04714462,20.66117496,15.38596966,4,106125,432991
40,2014,25.71347049,0.272353896,17.27408069,0,2,0,4,3,3,10,43.25990508,25.71347049,17.27408069,2,106125,432991
41,1964,11.85754877,1.315541924,12.64650086,5,1,0,11,4,8,24,32.88817503,11.85754877,12.64650086,6,106110,433000
41,1984,15.61408855,0.208307228,10.68386939,2,1,0,10,2,4,17,33.83640587,15.61408855,10.68386939,3,106110,433000
41,1988,9.665463228,0.208307228,10.03238161,1,2,0,7,3,4,14,19.90615207,9.665463228,10.03238161,3,106110,433000
41,1996,9.814531799,0.241922269,11.67818347,0,4,0,5,5,4,14,21.73463753,9.814531799,11.67818347,4,106110,433000
41,2014,12.02601946,0.564403217,12.41508028,0,7,0,5,9,3,17,25.00550296,12.02601946,12.41508028,7,106110,433000
42,1964,18.06612125,1.101520924,37.03741389,4,12,0,16,15,4,36,56.20505607,18.06612125,37.03741389,17,106089,432997
42,1984,17.94624986,0.496391274,29.50886199,2,6,0,11,7,3,22,47.95150312,17.94624986,29.50886199,9,106089,432997
42,1988,18.65528769,0.483981983,17.98328138,2,6,0,11,7,2,21,37.12255105,18.65528769,17.98328138,9,106089,432997
42,1996,21.23121695,0.541060795,19.06658107,1,5,0,11,6,2,20,41.04314087,21.23121695,19.06658107,6,106089,432997
42,2014,36.09514743,0.789607461,20.30518658,0,4,0,13,5,2,21,57.55778834,36.09514743,20.30518658,4,106089,432997
43,1964,25.54703876,3.212278488,44.41819313,3,34,0,18,47,4,69,73.17751038,25.54703876,44.41819313,37,106072,432991
43,1984,24.27812985,3.264409291,29.27860288,1,20,0,13,28,3,44,56.82114202,24.27812985,29.27860288,21,106072,432991
43,1988,23.57739761,3.29072013,30.49492938,1,19,0,12,27,3,42,57.36304712,23.57739761,30.49492938,20,106072,432991
43,1996,24.22114922,3.325768523,32.3447384,1,17,0,11,25,3,39,59.89165614,24.22114922,32.3447384,18,106072,432991
43,2014,27.38121535,5.43912018,34.72303287,1,7,0,11,21,3,35,67.54336841,27.38121535,34.72303287,8,106072,432991
46,1964,23.56587189,2.157881454,18.8574099,1,10,0,8,16,1,25,44.58116325,23.56587189,18.8574099,11,106012,432982
46,1984,24.95649788,1.384440978,18.51263974,0,6,0,7,9,1,17,44.8535786,24.95649788,18.51263974,6,106012,432982
46,1988,24.86344783,1.151118818,0,0,3,0,7,6,0,13,26.01456665,24.86344783,0,3,106012,432982
46,1996,26.39727154,1.687840288,0,0,3,0,7,6,0,13,28.08511183,26.39727154,0,3,106012,432982
46,2014,27.54574177,0,0,0,2,0,6,2,0,8,27.54574177,27.54574177,0,2,106012,432982
47,1964,16.61472508,4.256858046,50.01022805,0,10,0,4,19,4,27,70.88181118,16.61472508,50.01022805,10,105993,432978
47,1984,18.60109521,4.015151761,52.68470515,0,10,0,4,18,4,26,75.30095212,18.60109521,52.68470515,10,105993,432978
47,1988,18.45687647,3.682731988,42.09912834,0,8,0,3,15,3,21,64.2387368,18.45687647,42.09912834,8,105993,432978
47,1996,19.4901463,3.65202292,43.39061744,0,6,0,3,11,3,17,66.53278666,19.4901463,43.39061744,6,105993,432978
47,2014,8.191903864,3.29490521,16.38679188,0,2,0,2,6,1,9,27.87360096,8.191903864,16.38679188,2,105993,432978
48,1964,26.37956081,2.012582794,45.63163329,7,14,1,16,19,4,39,74.0237769,26.37956081,45.63163329,22,105971,432979
48,1984,25.33641461,1.910363223,44.37754878,3,17,0,10,20,3,33,71.62432661,25.33641461,44.37754878,20,105971,432979
48,1988,25.5491397,0.925905895,16.81054448,3,17,0,10,19,2,31,43.28559007,25.5491397,16.81054448,20,105971,432979
48,1996,26.8709059,1.797737126,17.81675734,2,14,0,10,18,2,30,46.48540037,26.8709059,17.81675734,16,105971,432979
48,2014,16.75065987,0.216649666,18.29167761,1,12,0,8,13,2,23,35.25898715,16.75065987,18.29167761,13,105971,432979
49,1964,15.9946336,0,47.71097493,8,11,0,18,11,13,42,63.70560853,15.9946336,47.71097493,19,105954,432979
49,1984,18.80806726,0,50.77304602,1,17,0,11,17,10,38,69.58111328,18.80806726,50.77304602,18,105954,432979
49,1988,19.36281362,0,54.47073984,1,17,0,11,17,10,38,73.83355347,19.36281362,54.47073984,18,105954,432979
49,1996,20.54383647,0,45.21635401,1,18,0,10,18,9,37,65.76019049,20.54383647,45.21635401,19,105954,432979
49,2014,22.28358101,0.558832794,47.61826318,1,12,0,8,13,8,29,70.46067698,22.28358101,47.61826318,13,105954,432979
50,1964,12.42107195,2.744966581,27.13157955,16,6,0,26,13,6,45,42.29761809,12.42107195,27.13157955,22,105929,432973
50,1984,13.480417,3.687012408,31.47284827,6,6,0,18,13,5,36,48.64027767,13.480417,31.47284827,12,105929,432973
50,1988,13.278982,3.79308043,30.97307978,5,6,0,14,13,4,31,48.04514221,13.278982,30.97307978,11,105929,432973
50,1996,15.54911649,4.27419571,32.25274864,5,7,0,14,14,4,32,52.07606084,15.54911649,32.25274864,12,105929,432973
50,2014,20.97811247,3.968328225,34.13605625,2,7,0,14,14,4,32,59.08249694,20.97811247,34.13605625,9,105929,432973
52,1964,18.5157617,1.451023107,41.69678849,3,23,0,13,27,3,43,61.6635733,18.5157617,41.69678849,26,105975,433091
52,1999,5.811043201,1.65907508,17.907569,0,3,0,2,9,1,13,25.37768728,5.811043201,17.907569,4,105975,433091
52,2014,7.610440098,1.545891806,18.87259125,0,0,0,2,4,1,7,28.02892315,7.610440098,18.87259125,0,105975,433091
53,1964,30.26335473,3.467532891,14.18625433,0,34,0,3,47,1,51,47.91714195,30.26335473,14.18625433,34,105976,433113
53,1999,0,1.823557091,27.21220068,0,10,0,0,16,2,18,29.03575777,0,27.21220068,10,105976,433113
53,2014,0,3.900290407,28.05523669,0,8,0,0,16,2,18,31.95552709,0,28.05523669,8,105976,433113
54,1964,33.1830724,3.489131341,19.242255,0,8,0,2,19,2,23,55.91445875,33.1830724,19.242255,8,105972,433133
54,1999,0,2.958378897,22.97839407,0,10,0,0,17,2,19,25.93677296,0,22.97839407,10,105972,433133
54,2014,0,4.341149852,25.85974157,0,3,0,0,12,2,14,30.20089142,0,25.85974157,3,105972,433133
55,1964,16.19687362,4.688827035,39.98854749,0,25,0,2,38,3,43,60.87424815,16.19687362,39.98854749,25,105964,433154
55,1999,0,5.490168782,38.47999397,0,5,0,0,13,2,15,43.97016275,0,38.47999397,5,105964,433154
55,2014,0,7.033554799,42.09474552,0,4,0,0,12,2,14,49.12830032,0,42.09474552,4,105964,433154
56,1964,31.74579376,3.496985323,16.98227179,0,17,0,3,27,1,31,52.22505088,31.74579376,16.98227179,17,105960,433174
56,1999,0,1.286796351,20.74990532,0,1,0,0,2,1,4,22.03670167,0,20.74990532,2,105960,433174
56,2014,0,1.795466798,22.7281041,0,3,0,0,4,1,7,24.5235709,0,22.7281041,5,105960,433174
57,1964,12.615458,3.049308369,14.52201204,0,5,0,2,14,1,17,30.18677841,12.615458,14.52201204,5,105960,433191
57,1999,15.99323952,2.763875042,0,0,3,0,2,8,0,10,18.75711456,15.99323952,0,3,105960,433191
57,2014,17.89065724,2.734580112,0,0,2,0,2,6,0,8,20.62523735,17.89065724,0,2,105960,433191
58,1964,27.77167906,1.906554042,0,0,5,0,2,11,0,13,29.6782331,27.77167906,0,5,105950,433212
58,1999,0,1.074149798,0,0,4,0,0,6,0,6,1.074149798,0,0,4,105950,433212
58,2014,0,2.008386438,0,0,0,0,0,3,0,3,2.008386438,0,0,0,105950,433212
60,1964,20.3575204,3.530364744,14.52201204,0,11,0,2,23,1,26,38.40989718,20.3575204,14.52201204,11,105939,433249
60,1999,0,0.615143477,15.37858691,0,1,0,0,2,1,6,15.99373039,0,15.37858691,4,105939,433249
60,2014,0,0.974823849,0,0,1,0,0,2,0,6,1.293133962,0,0,4,105939,433249
61,1964,47.4262681,3.952516257,5.073672136,0,18,0,8,32,3,43,56.45245649,47.4262681,5.073672136,18,105935,433264
61,1999,18.12270919,1.438731626,10.86704388,0,6,0,4,10,3,17,30.42848469,18.12270919,10.86704388,6,105935,433264
61,2014,24.6913973,1.849977393,15.8580469,0,2,0,4,6,3,14,42.39942159,24.6913973,15.8580469,3,105935,433264
62,1964,11.28224462,1.869247629,8.981027998,0,16,0,2,23,3,28,22.13252024,11.28224462,8.981027998,16,105928,433286
62,1999,0,0.794528417,19.12312974,0,0,0,0,2,3,6,19.91765815,0,19.12312974,1,105928,433286
62,2014,0,1.112741562,24.79678894,0,0,0,0,2,3,9,25.9095305,0,24.79678894,4,105928,433286
63,1964,25.658958,2.876520773,30.65458119,1,28,0,5,37,2,44,59.19005996,25.658958,30.65458119,29,105923,433305
63,1999,9.621127502,2.318730998,31.29882367,0,4,0,1,11,2,14,43.23868217,9.621127502,31.29882367,4,105923,433305
63,2014,10.52411951,4.734609773,22.99790572,0,2,0,1,10,1,13,38.25663501,10.52411951,22.99790572,3,105923,433305
64,1964,44.12476838,1.747510914,10.54053423,0,26,0,7,34,2,43,56.41281352,44.12476838,10.54053423,26,105916,433326
64,1999,15.62569281,1.605118227,12.3295338,0,3,0,4,7,2,13,29.56034484,15.62569281,12.3295338,3,105916,433326
64,2014,18.35842414,2.672510084,14.29549409,0,1,0,4,4,2,12,35.32642831,18.35842414,14.29549409,3,105916,433326
65,1964,29.69786805,2.876520773,1.038689071,1,52,0,5,62,1,68,33.6130779,29.69786805,1.038689071,53,105914,433343
65,1999,0.985203456,0.546401502,2.391557042,0,6,0,1,8,1,10,3.923162001,0.985203456,2.391557042,6,105914,433343
65,2014,1.225941071,1.851965968,0,0,4,0,1,7,0,8,3.07790704,1.225941071,0,4,105914,433343
66,1964,14.65160274,2.843141351,56.74501731,1,24,0,7,35,2,44,74.2397614,14.65160274,56.74501731,25,105906,433363
66,1999,3.661565508,0.477679163,12.03797436,0,1,0,3,3,1,9,16.17721904,3.661565508,12.03797436,3,105906,433363
66,2014,4.523183567,0.919915379,13.9708199,0,1,0,3,2,1,7,19.61763732,4.523183567,13.9708199,1,105906,433363
67,1964,5.9866975,0.918915851,4.029092578,1,7,0,3,13,3,20,10.93470593,5.9866975,4.029092578,8,105902,433383
67,1999,13.24491536,3.976078202,11.26928555,0,5,0,3,14,2,19,28.49027911,13.24491536,11.26928555,5,105902,433383
67,2014,14.31922119,4.722723714,15.53118534,0,1,0,3,8,2,13,34.57313025,14.31922119,15.53118534,1,105902,433383
